<?xml version="1.0" encoding="utf-8"?>
<odoo>
    <data>
        <record model="ir.module.category" id="garaje.module_category_garaje">
            <field name="name">Garaje</field>
            <field name="description">Ayuda a gestionar tu garaje</field>
            <field name="sequence">100</field>
        </record>


        <record model="res.groups" id="group_garaje_usuario">
            <field name="name">Usuario</field>
            <field name="category_id" ref="garaje.module_category_garaje"/>
            <field name="comment">Usuarios que gestionan coches y mantenimientos</field>
        </record>

        <record model="res.groups" id="group_garaje_director">
            <field name="name">Director</field>
            <field name="category_id" ref="garaje.module_category_garaje"/>
            <field name="comment">Usuarios que gestionan aparcamientos</field>
            <!--Los miembtos de este grupo tambien son miembros del grupo usuarios-->
            <field name="implied_ids" eval="[(4,ref('group_garaje_usuario'))]"/>
            <field name="users" eval="[(4,ref('base.user_root')), (4, ref('base.user_admin'))]"/>
        </record>
    </data>
</odoo>